Set FOREIGN_KEY_CHECKS=0;
INSERT INTO `azcme_uam`.`autor`(`Nombre`,`ApellidoP`,`ApellidoM`) VALUES ('Josué','Figueroa ','González');
INSERT INTO `azcme_uam`.`autor` (`Nombre`, `ApellidoP`, `ApellidoM`) VALUES ('Witten', 'I.', 'A.');
INSERT INTO `azcme_uam`.`material` (`Nombre`, `URL`, `FechaPublicacion`, `tipomaterial_idTipoMaterial`) VALUES ('Modelo Jerárquico, de Red y Relacional de Bases de Datos', 'https://academicos.azc.uam.mx/jfg/diapositivas/bases_datos/Unidad_1.pdf', '2022-11-21', '1');
INSERT INTO `azcme_uam`.`material` (`Nombre`, `URL`, `FechaPublicacion`, `tipomaterial_idTipoMaterial`) VALUES ('Bases de Datos Relacionales', 'https://academicos.azc.uam.mx/jfg/diapositivas/bases_datos/Unidad_2.pdf', '2022-11-21', '1');
INSERT INTO `azcme_uam`.`material` (`Nombre`, `URL`, `FechaPublicacion`, `tipomaterial_idTipoMaterial`) VALUES ('Álgebra Relacional y Cálculo Relacional', 'https://academicos.azc.uam.mx/jfg/diapositivas/bases_datos/Unidad_3.pdf', '2022-11-21', '1');
INSERT INTO `azcme_uam`.`material` (`Nombre`, `URL`, `FechaPublicacion`, `tipomaterial_idTipoMaterial`) VALUES ('Construcción de Bases de Datos Relacionales', 'https://academicos.azc.uam.mx/jfg/diapositivas/bases_datos/Unidad_4.pdf', '2022-11-21', '1');
INSERT INTO `azcme_uam`.`material` (`Nombre`, `URL`, `FechaPublicacion`, `tipomaterial_idTipoMaterial`) VALUES ('Lenguaje Estructurado de Consultas SQL', 'https://academicos.azc.uam.mx/jfg/diapositivas/bases_datos/Unidad_5.pdf', '2022-11-21', '1');
INSERT INTO `azcme_uam`.`material` (`Nombre`, `URL`, `FechaPublicacion`, `tipomaterial_idTipoMaterial`) VALUES ('Procedimientos Almacenados y Disparadores', 'https://academicos.azc.uam.mx/jfg/diapositivas/bases_datos/Unidad_6.pdf', '2022-11-21', '1');
INSERT INTO `azcme_uam`.`material` (`Nombre`, `URL`, `FechaPublicacion`, `tipomaterial_idTipoMaterial`) VALUES ('Fases del Proceso de Descubrimiento de Conocimiento', 'https://academicos.azc.uam.mx/jfg/diapositivas/bases_datos/Unidad_7.pdf', '2022-11-21', '1');
INSERT INTO `azcme_uam`.`material` (`Nombre`, `URL`, `FechaPublicacion`, `tipomaterial_idTipoMaterial`) VALUES ('Minería de Datos', 'https://academicos.azc.uam.mx/jfg/diapositivas/bases_datos/Unidad_8.pdf', '2022-11-21', '1');
INSERT INTO `azcme_uam`.`material` (`Nombre`, `URL`, `FechaPublicacion`, `tipomaterial_idTipoMaterial`) VALUES ('Técnicas de Aprendizaje Automático', 'https://academicos.azc.uam.mx/jfg/diapositivas/bases_datos/Unidad_9.pdf', '2022-11-21', '1');
INSERT INTO `azcme_uam`.`material` (`Nombre`, `URL`, `FechaPublicacion`, `tipomaterial_idTipoMaterial`) VALUES ('Almacenes de Datos', 'https://academicos.azc.uam.mx/jfg/diapositivas/bases_datos/Unidad_10.pdf', '2022-11-21', '1');
INSERT INTO `azcme_uam`.`material_has_autor` (`Material_idMaterial`, `Autor_idAutor`) VALUES ('1', '1');
INSERT INTO `azcme_uam`.`material_has_autor` (`Material_idMaterial`, `Autor_idAutor`) VALUES ('2', '1');
INSERT INTO `azcme_uam`.`material_has_autor` (`Material_idMaterial`, `Autor_idAutor`) VALUES ('3', '1');
INSERT INTO `azcme_uam`.`material_has_autor` (`Material_idMaterial`, `Autor_idAutor`) VALUES ('4', '1');
INSERT INTO `azcme_uam`.`material_has_autor` (`Material_idMaterial`, `Autor_idAutor`) VALUES ('5', '1');
INSERT INTO `azcme_uam`.`material_has_autor` (`Material_idMaterial`, `Autor_idAutor`) VALUES ('6', '1');
INSERT INTO `azcme_uam`.`material_has_autor` (`Material_idMaterial`, `Autor_idAutor`) VALUES ('7', '1');
INSERT INTO `azcme_uam`.`material_has_autor` (`Material_idMaterial`, `Autor_idAutor`) VALUES ('8', '1');
INSERT INTO `azcme_uam`.`material_has_autor` (`Material_idMaterial`, `Autor_idAutor`) VALUES ('9', '1');
INSERT INTO `azcme_uam`.`material_has_autor` (`Material_idMaterial`, `Autor_idAutor`) VALUES ('10', '1');
INSERT INTO `azcme_uam`.`material_has_tema` (`material_idMaterial`, `tema_idTema`) VALUES ('1', '1');
INSERT INTO `azcme_uam`.`material_has_tema` (`material_idMaterial`, `tema_idTema`) VALUES ('2', '2');
INSERT INTO `azcme_uam`.`material_has_tema` (`material_idMaterial`, `tema_idTema`) VALUES ('3', '3');
INSERT INTO `azcme_uam`.`material_has_tema` (`material_idMaterial`, `tema_idTema`) VALUES ('4', '4');
INSERT INTO `azcme_uam`.`material_has_tema` (`material_idMaterial`, `tema_idTema`) VALUES ('5', '5');
INSERT INTO `azcme_uam`.`material_has_tema` (`material_idMaterial`, `tema_idTema`) VALUES ('6', '6');
INSERT INTO `azcme_uam`.`material_has_tema` (`material_idMaterial`, `tema_idTema`) VALUES ('7', '7');
INSERT INTO `azcme_uam`.`material_has_tema` (`material_idMaterial`, `tema_idTema`) VALUES ('8', '8');
INSERT INTO `azcme_uam`.`material_has_tema` (`material_idMaterial`, `tema_idTema`) VALUES ('9', '9');
INSERT INTO `azcme_uam`.`material_has_tema` (`material_idMaterial`, `tema_idTema`) VALUES ('10', '10');
INSERT INTO `azcme_uam`.`material` (`Nombre`, `URL`, `FechaPublicacion`, `tipomaterial_idTipoMaterial`) VALUES ('Data Mining Practical Machine Learning tools and Techniques', 'https://uam.elogim.com/auth-meta/login.php?url=https://search.ebscohost.com/login.aspx?direct=true&db=e000xww&AN=351343&lang=es&site=eds-live&scope=site', '2022-11-21', '3');
INSERT INTO `azcme_uam`.`material_has_autor` (`Material_idMaterial`, `Autor_idAutor`) VALUES ('11', '2');
INSERT INTO `azcme_uam`.`material_has_tema` (`material_idMaterial`, `tema_idTema`) VALUES ('11', '8');
INSERT INTO `azcme_uam`.`material_has_tema` (`material_idMaterial`, `tema_idTema`) VALUES ('11', '9');
INSERT INTO `azcme_uam`.`material_has_tema` (`material_idMaterial`, `tema_idTema`) VALUES ('11', '10');
